id,Origin,Orig_code,Destination,Dest_code,Flow,vi1_origpop,wj1_destpop,vi2_origunemp,wj2_destunemp,vi3_origmedpidx,wj3_destmedpidx,vi4_origpctrent,wj4_destpctrent,Longitude_orig,Latitude_orig,Longitude_dest,Latitude_dest,dist
1,佛山,440600,广州,440100,3395015,4391673,4391673,5.74,5.74,780.64,780.64,31.77,31.77,112.9988461,23.10777781,113.5309908,23.22988425,56.06833714
2,东莞,441900,深圳,440300,91031,4391673,2512952,5.74,6.12,780.64,509.97,31.77,27.2,113.9068099,22.90304166,113.9309759,22.54467933,39.92508134
3,广州,440100,佛山,440600,22601,4391673,3999981,5.74,5.47,780.64,407.95,31.77,27.34,113.5309908,23.22988425,112.9988461,23.10777781,56.06833714
4,深圳,440300,东莞,441900,4416,4391673,1345717,5.74,5.17,780.64,506.58,31.77,24.08,113.9309759,22.54467933,113.9068099,22.90304166,39.92508134
5,苏州,320500,上海,310000,22888,4391673,2065998,5.74,5.86,780.64,767.08,31.77,33.19,120.7142335,31.37918518,121.5531715,31.25576087,80.86683173
6,廊坊,131000,北京,110000,27445,4391673,2253723,5.74,6.22,780.64,446.48,31.77,32.57,116.5287496,39.05159469,116.6687298,40.24172257,132.8777261
7,北京,110000,廊坊,131000,5817,4391673,1225235,5.74,5.78,780.64,445.53,31.77,28.27,116.6687298,40.24172257,116.5287496,39.05159469,132.8777261
8,东莞,441900,广州,440100,795,4391673,368260,5.74,5.45,780.64,522.71,31.77,26.17,113.9068099,22.90304166,113.5309908,23.22988425,52.90638902
9,上海,310000,苏州,320500,10574,4391673,1728865,5.74,4.76,780.64,730.84,31.77,27.52,121.5531715,31.25576087,120.7142335,31.37918518,80.86683173
10,广州,440100,东莞,441900,2128,4391673,502593,5.74,4.42,780.64,758.44,31.77,32.14,113.5309908,23.22988425,113.9068099,22.90304166,52.90638902
11,惠州,441300,深圳,440300,1644,4391673,211655,5.74,5.74,780.64,442.9,31.77,27.51,114.5817361,23.16642733,113.9309759,22.54467933,96.05112514
12,深圳,440300,惠州,441300,1996,4391673,282509,5.74,6.84,780.64,540.45,31.77,24.95,113.9309759,22.54467933,114.5817361,23.16642733,96.05112514
13,西安,610100,咸阳,610400,1985,4391673,120586,5.74,3.6,780.64,902.6,31.77,41.42,109.1018449,34.23049171,108.3251664,34.86761998,100.3925584
14,咸阳,610400,西安,610100,832,4391673,89374,5.74,8.05,780.64,522.79,31.77,50.74,108.3251664,34.86761998,109.1018449,34.23049171,100.3925584
15,无锡,320200,苏州,320500,10670,4391673,356586,5.74,3.58,780.64,881.46,31.77,30.74,120.3238766,31.5304183,120.7142335,31.37918518,40.66705953
16,东莞,441900,惠州,441300,53562,2512952,4391673,6.12,5.74,509.97,780.64,27.2,31.77,113.9068099,22.90304166,114.5817361,23.16642733,75.01756154
17,苏州,320500,无锡,320200,1958058,2512952,2512952,6.12,6.12,509.97,509.97,27.2,27.2,120.7142335,31.37918518,120.3238766,31.5304183,40.66705953
18,惠州,441300,东莞,441900,12407,2512952,3999981,6.12,5.47,509.97,407.95,27.2,27.34,114.5817361,23.16642733,113.9068099,22.90304166,75.01756154
19,广州,440100,深圳,440300,13084,2512952,1345717,6.12,5.17,509.97,506.58,27.2,24.08,113.5309908,23.22988425,113.9309759,22.54467933,86.51020769
20,嘉兴,330400,杭州,330100,21300,2512952,2065998,6.12,5.86,509.97,767.08,27.2,33.19,120.9697488,30.63499633,119.442387,29.86623489,169.7929297
21,中山,442000,珠海,440400,35189,2512952,2253723,6.12,6.22,509.97,446.48,27.2,32.57,113.4588223,22.47793489,113.987513,22.11729392,67.57652898
22,深圳,440300,广州,440100,3617,2512952,1225235,6.12,5.78,509.97,445.53,27.2,28.27,113.9309759,22.54467933,113.5309908,23.22988425,86.51020769
23,绍兴,330600,杭州,330100,1591,2512952,368260,6.12,5.45,509.97,522.71,27.2,26.17,120.524952,29.77427943,119.442387,29.86623489,104.9356925
24,杭州,330100,嘉兴,330400,4990,2512952,1728865,6.12,4.76,509.97,730.84,27.2,27.52,119.442387,29.86623489,120.9697488,30.63499633,169.7929297
25,广州,440100,清远,441800,3300,2512952,502593,6.12,4.42,509.97,758.44,27.2,32.14,113.5309908,23.22988425,113.1099755,24.3248291,129.0693394
26,常州,320400,无锡,320200,970,2512952,211655,6.12,5.74,509.97,442.9,27.2,27.51,119.453809,31.62227976,120.3238766,31.5304183,83.05331983
27,天津,120000,北京,110000,1882,2512952,282509,6.12,6.84,509.97,540.45,27.2,24.95,117.4333861,39.39800252,116.6687298,40.24172257,114.3074731
28,保定,130600,北京,110000,2248,2512952,120586,6.12,3.6,509.97,902.6,27.2,41.42,115.3352055,39.09454366,116.6687298,40.24172257,171.1667754
29,北京,110000,保定,130600,1439,2512952,89374,6.12,8.05,509.97,522.79,27.2,50.74,116.6687298,40.24172257,115.3352055,39.09454366,171.1667754
30,佛山,440600,中山,442000,15779,2512952,356586,6.12,3.58,509.97,881.46,27.2,30.74,112.9988461,23.10777781,113.4588223,22.47793489,84.42937919
31,杭州,330100,绍兴,330600,15560,3999981,4391673,5.47,5.74,407.95,780.64,27.34,31.77,119.442387,29.86623489,120.524952,29.77427943,104.9356925
32,无锡,320200,常州,320400,11095,3999981,2512952,5.47,6.12,407.95,509.97,27.34,27.2,120.3238766,31.5304183,119.453809,31.62227976,83.05331983
33,佛山,440600,肇庆,441200,3083494,3999981,3999981,5.47,5.47,407.95,407.95,27.34,27.34,112.9988461,23.10777781,112.138329,23.5890869,102.867698
34,德阳,510600,成都,510100,70260,3999981,1345717,5.47,5.17,407.95,506.58,27.34,24.08,104.4135184,31.10932042,103.8997653,30.78216618,61.0233102
35,嘉兴,330400,上海,310000,13057,3999981,2065998,5.47,5.86,407.95,767.08,27.34,33.19,120.9697488,30.63499633,121.5531715,31.25576087,88.65800894
36,北京,110000,天津,120000,16156,3999981,2253723,5.47,6.22,407.95,446.48,27.34,32.57,116.6687298,40.24172257,117.4333861,39.39800252,114.3074731
37,成都,510100,德阳,510600,6021,3999981,1225235,5.47,5.78,407.95,445.53,27.34,28.27,103.8997653,30.78216618,104.4135184,31.10932042,61.0233102
38,中山,442000,佛山,440600,1300,3999981,368260,5.47,5.45,407.95,522.71,27.34,26.17,113.4588223,22.47793489,112.9988461,23.10777781,84.42937919
39,中山,442000,广州,440100,10116,3999981,1728865,5.47,4.76,407.95,730.84,27.34,27.52,113.4588223,22.47793489,113.5309908,23.22988425,83.93931199
40,广州,440100,中山,442000,2574,3999981,502593,5.47,4.42,407.95,758.44,27.34,32.14,113.5309908,23.22988425,113.4588223,22.47793489,83.93931199
41,珠海,440400,中山,442000,2135,3999981,211655,5.47,5.74,407.95,442.9,27.34,27.51,113.987513,22.11729392,113.4588223,22.47793489,67.57652898
42,佛山,440600,江门,440700,2555,3999981,282509,5.47,6.84,407.95,540.45,27.34,24.95,112.9988461,23.10777781,112.5632552,22.15112981,115.3868251
43,眉山,511400,成都,510100,2023,3999981,120586,5.47,3.6,407.95,902.6,27.34,41.42,104.0867002,29.92100023,103.8997653,30.78216618,97.42274384
44,廊坊,131000,天津,120000,996,3999981,89374,5.47,8.05,407.95,522.79,27.34,50.74,116.5287496,39.05159469,117.4333861,39.39800252,86.92458152
45,镇江,321100,南京,320100,4724,3999981,356586,5.47,3.58,407.95,881.46,27.34,30.74,119.4363228,31.97657945,118.736251,31.92518191,66.29783692
46,成都,510100,眉山,511400,2527,1345717,4391673,5.17,5.74,506.58,780.64,24.08,31.77,103.8997653,30.78216618,104.0867002,29.92100023,97.42274384
47,晋中,140700,太原,140100,11967,1345717,2512952,5.17,6.12,506.58,509.97,24.08,27.2,113.0887999,37.36149635,112.152873,37.9454732,104.905799
48,惠州,441300,广州,440100,48004,1345717,3999981,5.17,5.47,506.58,407.95,24.08,27.34,114.5817361,23.16642733,113.5309908,23.22988425,107.6223171
49,湖州,330500,杭州,330100,1042526,1345717,1345717,5.17,5.17,506.58,506.58,24.08,24.08,119.9988562,30.75174136,119.442387,29.86623489,112.0205271
50,天津,120000,廊坊,131000,4333,1345717,2065998,5.17,5.86,506.58,767.08,24.08,33.19,117.4333861,39.39800252,116.5287496,39.05159469,86.92458152
51,上海,310000,嘉兴,330400,10102,1345717,2253723,5.17,6.22,506.58,446.48,24.08,32.57,121.5531715,31.25576087,120.9697488,30.63499633,88.65800894
52,清远,441800,广州,440100,3461,1345717,1225235,5.17,5.78,506.58,445.53,24.08,28.27,113.1099755,24.3248291,113.5309908,23.22988425,129.0693394
53,广州,440100,惠州,441300,2212,1345717,368260,5.17,5.45,506.58,522.71,24.08,26.17,113.5309908,23.22988425,114.5817361,23.16642733,107.6223171
54,杭州,330100,湖州,330500,3459,1345717,1728865,5.17,4.76,506.58,730.84,24.08,27.52,119.442387,29.86623489,119.9988562,30.75174136,112.0205271
55,太原,140100,晋中,140700,2601,1345717,502593,5.17,4.42,506.58,758.44,24.08,32.14,112.152873,37.9454732,113.0887999,37.36149635,104.905799
56,天津,120000,唐山,130200,672,1345717,211655,5.17,5.74,506.58,442.9,24.08,27.51,117.4333861,39.39800252,118.1915408,39.69303773,72.81618705
57,江门,440700,佛山,440600,1424,1345717,282509,5.17,6.84,506.58,540.45,24.08,24.95,112.5632552,22.15112981,112.9988461,23.10777781,115.3868251
58,湘潭,430300,长沙,430100,1547,1345717,120586,5.17,3.6,506.58,902.6,24.08,41.42,112.5239574,27.71275071,113.2280504,28.25910476,92.0355348
59,开封,410200,郑州,410100,717,1345717,89374,5.17,8.05,506.58,522.79,24.08,50.74,114.5197594,34.61091977,113.4806163,34.62130454,95.09943598
60,北京,110000,张家口,130700,1353,1345717,356586,5.17,3.58,506.58,881.46,24.08,30.74,116.6687298,40.24172257,115.2520899,40.83342583,136.6006428
61,肇庆,441200,佛山,440600,12343,2065998,4391673,5.86,5.74,767.08,780.64,33.19,31.77,112.138329,23.5890869,112.9988461,23.10777781,102.867698
62,郑州,410100,开封,410200,16061,2065998,2512952,5.86,6.12,767.08,509.97,33.19,27.2,113.4806163,34.62130454,114.5197594,34.61091977,95.09943598
63,厦门,350200,漳州,350600,13078,2065998,3999981,5.86,5.47,767.08,407.95,33.19,27.34,118.1432558,24.64458393,117.5522703,24.36832894,67.2234305
64,苏州,320500,南通,320600,4247,2065998,1345717,5.86,5.17,767.08,506.58,33.19,24.08,120.7142335,31.37918518,121.0803678,32.16857345,94.35300543
65,武汉,420100,孝感,420900,1489925,2065998,2065998,5.86,5.86,767.08,767.08,33.19,33.19,114.3919983,30.66685374,113.8259596,31.11987582,73.85562847
66,东莞,441900,佛山,440600,84649,2065998,2253723,5.86,6.22,767.08,446.48,33.19,32.57,113.9068099,22.90304166,112.9988461,23.10777781,95.67896831
67,天津,120000,沧州,130900,3052,2065998,1225235,5.86,5.78,767.08,445.53,33.19,28.27,117.4333861,39.39800252,116.8116383,38.18150327,145.6059856
68,佛山,440600,东莞,441900,820,2065998,368260,5.86,5.45,767.08,522.71,33.19,26.17,112.9988461,23.10777781,113.9068099,22.90304166,95.67896831
69,西安,610100,渭南,610500,4812,2065998,1728865,5.86,4.76,767.08,730.84,33.19,27.52,109.1018449,34.23049171,109.7553689,35.02870248,107.0190103
70,唐山,130200,天津,120000,1798,2065998,502593,5.86,4.42,767.08,758.44,33.19,32.14,118.1915408,39.69303773,117.4333861,39.39800252,72.81618705
71,孝感,420900,武汉,420100,1386,2065998,211655,5.86,5.74,767.08,442.9,33.19,27.51,113.8259596,31.11987582,114.3919983,30.66685374,73.85562847
72,沧州,130900,天津,120000,2306,2065998,282509,5.86,6.84,767.08,540.45,33.19,24.95,116.8116383,38.18150327,117.4333861,39.39800252,145.6059856
73,厦门,350200,泉州,350500,1812,2065998,120586,5.86,3.6,767.08,902.6,33.19,41.42,118.1432558,24.64458393,118.3465269,25.11582452,56.2686675
74,保定,130600,石家庄,130100,909,2065998,89374,5.86,8.05,767.08,522.79,33.19,50.74,115.3352055,39.09454366,114.6387957,38.08074762,127.9504224
75,新乡,410700,郑州,410100,3134,2065998,356586,5.86,3.58,767.08,881.46,33.19,30.74,113.9478256,35.35408511,113.4806163,34.62130454,91.92783466
76,漳州,350600,厦门,350200,11634,2253723,4391673,6.22,5.74,446.48,780.64,32.57,31.77,117.5522703,24.36832894,118.1432558,24.64458393,67.2234305
77,南京,320100,镇江,321100,26701,2253723,2512952,6.22,6.12,446.48,509.97,32.57,27.2,118.736251,31.92518191,119.4363228,31.97657945,66.29783692
78,德州,371400,济南,370100,12284,2253723,3999981,6.22,5.47,446.48,407.95,32.57,27.34,116.498031,37.23533397,117.2968564,36.75869824,88.55270843
79,济南,370100,德州,371400,7573,2253723,1345717,6.22,5.17,446.48,506.58,32.57,24.08,117.2968564,36.75869824,116.498031,37.23533397,88.55270843
80,郑州,410100,新乡,410700,74410,2253723,2065998,6.22,5.86,446.48,767.08,32.57,33.19,113.4806163,34.62130454,113.9478256,35.35408511,91.92783466
81,江门,440700,中山,442000,1609080,2253723,2253723,6.22,6.22,446.48,446.48,32.57,32.57,112.5632552,22.15112981,113.4588223,22.47793489,99.03285876
82,上海,310000,南通,320600,3774,2253723,1225235,6.22,5.78,446.48,445.53,32.57,28.27,121.5531715,31.25576087,121.0803678,32.16857345,110.916324
83,潍坊,370700,青岛,370200,1751,2253723,368260,6.22,5.45,446.48,522.71,32.57,26.17,119.088962,36.53505593,120.6408,36.29710898,141.3574132
84,泉州,350500,厦门,350200,6588,2253723,1728865,6.22,4.76,446.48,730.84,32.57,27.52,118.3465269,25.11582452,118.1432558,24.64458393,56.2686675
85,嘉兴,330400,苏州,320500,4690,2253723,502593,6.22,4.42,446.48,758.44,32.57,32.14,120.9697488,30.63499633,120.7142335,31.37918518,86.25874058
86,成都,510100,阿坝藏族羌族,513200,1499,2253723,211655,6.22,5.74,446.48,442.9,32.57,27.51,103.8997653,30.78216618,102.227504,32.43412667,242.520641
87,许昌,411000,郑州,410100,3089,2253723,282509,6.22,6.84,446.48,540.45,32.57,24.95,113.798696,34.04254085,113.4806163,34.62130454,70.67300992
88,江门,440700,广州,440100,3127,2253723,120586,6.22,3.6,446.48,902.6,32.57,41.42,112.5632552,22.15112981,113.5309908,23.22988425,155.7057134
89,张家口,130700,北京,110000,2140,2253723,89374,6.22,8.05,446.48,522.79,32.57,50.74,115.2520899,40.83342583,116.6687298,40.24172257,136.6006428
90,中山,442000,江门,440700,3115,2253723,356586,6.22,3.58,446.48,881.46,32.57,30.74,113.4588223,22.47793489,112.5632552,22.15112981,99.03285876
91,广州,440100,江门,440700,5421,1225235,4391673,5.78,5.74,445.53,780.64,28.27,31.77,113.5309908,23.22988425,112.5632552,22.15112981,155.7057134
92,武汉,420100,黄冈,421100,3518,1225235,2512952,5.78,6.12,445.53,509.97,28.27,27.2,114.3919983,30.66685374,115.3000197,30.67371637,86.84686339
93,济南,370100,泰安,370900,8810,1225235,3999981,5.78,5.47,445.53,407.95,28.27,27.34,117.2968564,36.75869824,117.1258834,36.07010375,78.08169707
94,苏州,320500,嘉兴,330400,3186,1225235,1345717,5.78,5.17,445.53,506.58,28.27,24.08,120.7142335,31.37918518,120.9697488,30.63499633,86.25874058
95,长沙,430100,湘潭,430300,5447,1225235,2065998,5.78,5.86,445.53,767.08,28.27,33.19,113.2280504,28.25910476,112.5239574,27.71275071,92.0355348
96,广州,440100,肇庆,441200,6173,1225235,2253723,5.78,6.22,445.53,446.48,28.27,32.57,113.5309908,23.22988425,112.138329,23.5890869,147.6158928
97,株洲,430200,长沙,430100,962110,1225235,1225235,5.78,5.78,445.53,445.53,28.27,28.27,113.5249898,27.03603639,113.2280504,28.25910476,139.108299
98,石家庄,130100,保定,130600,25677,1225235,368260,5.78,5.45,445.53,522.71,28.27,26.17,114.6387957,38.08074762,115.3352055,39.09454366,127.9504224
99,南通,320600,上海,310000,3829,1225235,1728865,5.78,4.76,445.53,730.84,28.27,27.52,121.0803678,32.16857345,121.5531715,31.25576087,110.916324
100,青岛,370200,潍坊,370700,1228,1225235,502593,5.78,4.42,445.53,758.44,28.27,32.14,120.6408,36.29710898,119.088962,36.53505593,141.3574132
101,滁州,341100,南京,320100,602,1225235,211655,5.78,5.74,445.53,442.9,28.27,27.51,117.9008359,32.54774473,118.736251,31.92518191,104.7188212
102,贵阳,520100,黔南布依族苗族,522700,872,1225235,282509,5.78,6.84,445.53,540.45,28.27,24.95,106.6001802,26.76115609,107.2552507,26.28449356,84.00551968
103,镇江,321100,常州,320400,1851,1225235,120586,5.78,3.6,445.53,902.6,28.27,41.42,119.4363228,31.97657945,119.453809,31.62227976,39.43097098
104,郑州,410100,许昌,411000,921,1225235,89374,5.78,8.05,445.53,522.79,28.27,50.74,113.4806163,34.62130454,113.798696,34.04254085,70.67300992
105,渭南,610500,西安,610100,1993,1225235,356586,5.78,3.58,445.53,881.46,28.27,30.74,109.7553689,35.02870248,109.1018449,34.23049171,107.0190103
106,泰安,370900,济南,370100,477,368260,4391673,5.45,5.74,522.71,780.64,26.17,31.77,117.1258834,36.07010375,117.2968564,36.75869824,78.08169707
107,青岛,370200,烟台,370600,1491,368260,2512952,5.45,6.12,522.71,509.97,26.17,27.2,120.6408,36.29710898,121.0236568,37.49794859,137.7987053
108,黔南布依族苗族,522700,贵阳,520100,1149,368260,3999981,5.45,5.47,522.71,407.95,26.17,27.34,107.2552507,26.28449356,106.6001802,26.76115609,84.00551968
109,上海,310000,杭州,330100,2441,368260,1345717,5.45,5.17,522.71,506.58,26.17,24.08,121.5531715,31.25576087,119.442387,29.86623489,254.3891625
110,肇庆,441200,广州,440100,820,368260,2065998,5.45,5.86,522.71,767.08,26.17,33.19,112.138329,23.5890869,113.5309908,23.22988425,147.6158928
111,邢台,130500,石家庄,130100,2633,368260,2253723,5.45,6.22,522.71,446.48,26.17,32.57,114.7883859,37.29677736,114.6387957,38.08074762,88.16165497
112,广州,440100,珠海,440400,22015,368260,1225235,5.45,5.78,522.71,445.53,26.17,28.27,113.5309908,23.22988425,113.987513,22.11729392,132.2842063
113,合肥,340100,六安,341500,277902,368260,368260,5.45,5.45,522.71,522.71,26.17,26.17,117.4265351,32.0483259,116.292719,31.84163793,109.4216462
114,绍兴,330600,宁波,330200,1052,368260,1728865,5.45,4.76,522.71,730.84,26.17,27.52,120.524952,29.77427943,121.5360117,29.65854706,98.48374587
115,惠州,441300,河源,441600,1350,368260,502593,5.45,4.42,522.71,758.44,26.17,32.14,114.5817361,23.16642733,114.9132087,23.98157223,96.73056407
116,廊坊,131000,保定,130600,142,368260,211655,5.45,5.74,522.71,442.9,26.17,27.51,116.5287496,39.05159469,115.3352055,39.09454366,103.1430173
117,杭州,330100,金华,330700,430,368260,282509,5.45,6.84,522.71,540.45,26.17,24.95,119.442387,29.86623489,119.9938812,29.08664301,101.8062005
118,佛山,440600,深圳,440300,681,368260,120586,5.45,3.6,522.71,902.6,26.17,41.42,112.9988461,23.10777781,113.9309759,22.54467933,114.2212699
119,无锡,320200,上海,310000,488,368260,89374,5.45,8.05,522.71,522.79,26.17,50.74,120.3238766,31.5304183,121.5531715,31.25576087,120.6114542
120,南京,320100,滁州,341100,183,368260,356586,5.45,3.58,522.71,881.46,26.17,30.74,118.736251,31.92518191,117.9008359,32.54774473,104.7188212
121,长沙,430100,株洲,430200,6516,1728865,4391673,4.76,5.74,730.84,780.64,27.52,31.77,113.2280504,28.25910476,113.5249898,27.03603639,139.108299
122,揭阳,445200,汕头,440500,4066,1728865,2512952,4.76,6.12,730.84,509.97,27.52,27.2,116.0649653,23.32013528,116.5998666,23.34663454,54.69332066
123,石家庄,130100,邢台,130500,11729,1728865,3999981,4.76,5.47,730.84,407.95,27.52,27.34,114.6387957,38.08074762,114.7883859,37.29677736,88.16165497
124,南通,320600,苏州,320500,2929,1728865,1345717,4.76,5.17,730.84,506.58,27.52,24.08,121.0803678,32.16857345,120.7142335,31.37918518,94.35300543
125,杭州,330100,上海,310000,5081,1728865,2065998,4.76,5.86,730.84,767.08,27.52,33.19,119.442387,29.86623489,121.5531715,31.25576087,254.3891625
126,茂名,440900,湛江,440800,7006,1728865,2253723,4.76,6.22,730.84,446.48,27.52,32.57,110.8266203,22.02428292,110.1460789,21.06436233,127.8555627
127,常州,320400,镇江,321100,2631,1728865,1225235,4.76,5.78,730.84,445.53,27.52,28.27,119.453809,31.62227976,119.4363228,31.97657945,39.43097098
128,长沙,430100,岳阳,430600,867,1728865,368260,4.76,5.45,730.84,522.71,27.52,26.17,113.2280504,28.25910476,113.3005553,29.14302296,98.54127889
129,绍兴,330600,金华,330700,1247196,1728865,1728865,4.76,4.76,730.84,730.84,27.52,27.52,120.524952,29.77427943,119.9938812,29.08664301,92.14963406
130,金华,330700,杭州,330100,41320,1728865,502593,4.76,4.42,730.84,758.44,27.52,32.14,119.9938812,29.08664301,119.442387,29.86623489,101.8062005
131,乌鲁木齐,650100,昌吉回族,652300,1018,1728865,211655,4.76,5.74,730.84,442.9,27.52,27.51,87.6361349,43.91629184,89.6880663,44.2757537,168.6612217
132,常州,320400,苏州,320500,1805,1728865,282509,4.76,6.84,730.84,540.45,27.52,24.95,119.453809,31.62227976,120.7142335,31.37918518,122.5172306
133,成都,510100,绵阳,510700,1300,1728865,120586,4.76,3.6,730.84,902.6,27.52,41.42,103.8997653,30.78216618,104.6195647,31.87930014,139.8451738
134,邢台,130500,邯郸,130400,413,1728865,89374,4.76,8.05,730.84,522.79,27.52,50.74,114.7883859,37.29677736,114.4372007,36.53523759,90.25139286
135,佛山,440600,清远,441800,1666,1728865,356586,4.76,3.58,730.84,881.46,27.52,30.74,112.9988461,23.10777781,113.1099755,24.3248291,135.8019744
136,无锡,320200,泰州,321200,714,502593,4391673,4.42,5.74,758.44,780.64,32.14,31.77,120.3238766,31.5304183,120.037481,32.56784881,118.4726833
137,东莞,441900,中山,442000,2242,502593,2512952,4.42,6.12,758.44,509.97,32.14,27.2,113.9068099,22.90304166,113.4588223,22.47793489,65.92866835
138,长沙,430100,益阳,430900,1490,502593,3999981,4.42,5.47,758.44,407.95,32.14,27.34,113.2280504,28.25910476,112.4313319,28.74878591,95.00377457
139,玉溪,530400,昆明,530100,1813,502593,1345717,4.42,5.17,758.44,506.58,32.14,24.08,102.2626503,24.145731,102.9472317,25.48147292,163.8112742
140,汕头,440500,揭阳,445200,1137,502593,2065998,4.42,5.86,758.44,767.08,32.14,33.19,116.5998666,23.34663454,116.0649653,23.32013528,54.69332066
141,黄冈,421100,武汉,420100,4328,502593,2253723,4.42,6.22,758.44,446.48,32.14,32.57,115.3000197,30.67371637,114.3919983,30.66685374,86.84686339
142,成都,510100,乐山,511100,807,502593,1225235,4.42,5.78,758.44,445.53,32.14,28.27,103.8997653,30.78216618,103.5351617,29.17824724,181.7717198
143,鄂州,420700,武汉,420100,982,502593,368260,4.42,5.45,758.44,522.71,32.14,26.17,114.9567423,30.31149795,114.3919983,30.66685374,67.00431799
144,上海,310000,无锡,320200,42146,502593,1728865,4.42,4.76,758.44,730.84,32.14,27.52,121.5531715,31.25576087,120.3238766,31.5304183,120.6114542
145,深圳,440300,佛山,440600,328941,502593,502593,4.42,4.42,758.44,758.44,32.14,32.14,113.9309759,22.54467933,112.9988461,23.10777781,114.2212699
146,郑州,410100,周口,411600,277,502593,211655,4.42,5.74,758.44,442.9,32.14,27.51,113.4806163,34.62130454,114.8413745,33.69084267,162.4225014
147,六安,341500,合肥,340100,1163,502593,282509,4.42,6.84,758.44,540.45,32.14,24.95,116.292719,31.84163793,117.4265351,32.0483259,109.4216462
148,昆明,530100,玉溪,530400,1090,502593,120586,4.42,3.6,758.44,902.6,32.14,41.42,102.9472317,25.48147292,102.2626503,24.145731,163.8112742
149,苏州,320500,常州,320400,623,502593,89374,4.42,8.05,758.44,522.79,32.14,50.74,120.7142335,31.37918518,119.453809,31.62227976,122.5172306
150,郑州,410100,焦作,410800,256,502593,356586,4.42,3.58,758.44,881.46,32.14,30.74,113.4806163,34.62130454,113.0764298,35.15609847,69.96636696
151,郑州,410100,洛阳,410300,1224,211655,4391673,5.74,5.74,442.9,780.64,27.51,31.77,113.4806163,34.62130454,111.8804973,34.31882323,150.4902141
152,昌吉回族,652300,乌鲁木齐,650100,1000,211655,2512952,5.74,6.12,442.9,509.97,27.51,27.2,89.6880663,44.2757537,87.6361349,43.91629184,168.6612217
153,常州,320400,南京,320100,3016,211655,3999981,5.74,5.47,442.9,407.95,27.51,27.34,119.453809,31.62227976,118.736251,31.92518191,75.73277654
154,淮安,320800,宿迁,321300,622,211655,1345717,5.74,5.17,442.9,506.58,27.51,24.08,119.0484594,33.39006671,118.4790913,33.78565465,68.67607086
155,南昌,360100,宜春,360900,1307,211655,2065998,5.74,5.86,442.9,767.08,27.51,33.19,116.0038378,28.67731427,115.057287,28.32037458,100.6531826
156,唐山,130200,秦皇岛,130300,1804,211655,2253723,5.74,6.22,442.9,446.48,27.51,32.57,118.1915408,39.69303773,119.355514,40.01272947,105.5273523
157,保定,130600,廊坊,131000,533,211655,1225235,5.74,5.78,442.9,445.53,27.51,28.27,115.3352055,39.09454366,116.5287496,39.05159469,103.1430173
158,宁波,330200,杭州,330100,106,211655,368260,5.74,5.45,442.9,522.71,27.51,26.17,121.5360117,29.65854706,119.442387,29.86623489,203.4043427
159,岳阳,430600,长沙,430100,899,211655,1728865,5.74,4.76,442.9,730.84,27.51,27.52,113.3005553,29.14302296,113.2280504,28.25910476,98.54127889
160,杭州,330100,宁波,330200,363,211655,502593,5.74,4.42,442.9,758.44,27.51,32.14,119.442387,29.86623489,121.5360117,29.65854706,203.4043427
161,泰州,321200,无锡,320200,161565,211655,211655,5.74,5.74,442.9,442.9,27.51,27.51,120.037481,32.56784881,120.3238766,31.5304183,118.4726833
162,成都,510100,重庆,500000,5025,211655,282509,5.74,6.84,442.9,540.45,27.51,24.95,103.8997653,30.78216618,107.8467222,30.16575721,384.391642
163,淄博,370300,滨州,371600,190,211655,120586,5.74,3.6,442.9,902.6,27.51,41.42,117.9434864,36.61529102,117.6841001,37.50710215,101.8006928
164,廊坊,131000,沧州,130900,115,211655,89374,5.74,8.05,442.9,522.79,27.51,50.74,116.5287496,39.05159469,116.8116383,38.18150327,99.82255332
165,滨州,371600,淄博,370300,565,211655,356586,5.74,3.58,442.9,881.46,27.51,30.74,117.6841001,37.50710215,117.9434864,36.61529102,101.8006928
166,益阳,430900,长沙,430100,1024,282509,4391673,6.84,5.74,540.45,780.64,24.95,31.77,112.4313319,28.74878591,113.2280504,28.25910476,95.00377457
167,淄博,370300,济南,370100,1866,282509,2512952,6.84,6.12,540.45,509.97,24.95,27.2,117.9434864,36.61529102,117.2968564,36.75869824,59.82326882
168,滨州,371600,济南,370100,2639,282509,3999981,6.84,5.47,540.45,407.95,24.95,27.34,117.6841001,37.50710215,117.2968564,36.75869824,90.02091735
169,济宁,370800,菏泽,371700,1636,282509,1345717,6.84,5.17,540.45,506.58,24.95,24.08,116.6383232,35.2176716,115.5653602,35.21865526,97.46973886
170,绵阳,510700,成都,510100,1543,282509,2065998,6.84,5.86,540.45,767.08,24.95,33.19,104.6195647,31.87930014,103.8997653,30.78216618,139.8451738
171,烟台,370600,青岛,370200,2883,282509,2253723,6.84,6.22,540.45,446.48,24.95,32.57,121.0236568,37.49794859,120.6408,36.29710898,137.7987053
172,泰州,321200,扬州,321000,651,282509,1225235,6.84,5.78,540.45,445.53,24.95,28.27,120.037481,32.56784881,119.5523477,32.8096401,52.76408639
173,珠海,440400,广州,440100,342,282509,368260,6.84,5.45,540.45,522.71,24.95,26.17,113.987513,22.11729392,113.5309908,23.22988425,132.2842063
174,宜春,360900,南昌,360100,1210,282509,1728865,6.84,4.76,540.45,730.84,24.95,27.52,115.057287,28.32037458,116.0038378,28.67731427,100.6531826
175,广州,440100,韶关,440200,1032,282509,502593,6.84,4.42,540.45,758.44,24.95,32.14,113.5309908,23.22988425,113.5690094,24.70910004,164.5266419
176,沧州,130900,保定,130600,7215,282509,211655,6.84,5.74,540.45,442.9,24.95,27.51,116.8116383,38.18150327,115.3352055,39.09454366,163.5555908
177,扬州,321000,泰州,321200,221105,282509,282509,6.84,6.84,540.45,540.45,24.95,24.95,119.5523477,32.8096401,120.037481,32.56784881,52.76408639
178,济南,370100,淄博,370300,268,282509,120586,6.84,3.6,540.45,902.6,24.95,41.42,117.2968564,36.75869824,117.9434864,36.61529102,59.82326882
179,保定,130600,沧州,130900,170,282509,89374,6.84,8.05,540.45,522.79,24.95,50.74,115.3352055,39.09454366,116.8116383,38.18150327,163.5555908
180,中山,442000,东莞,441900,292,282509,356586,6.84,3.58,540.45,881.46,24.95,30.74,113.4588223,22.47793489,113.9068099,22.90304166,65.92866835
181,成都,510100,资阳,512000,1238,120586,4391673,3.6,5.74,902.6,780.64,41.42,31.77,103.8997653,30.78216618,104.9720587,30.16033375,123.8605348
182,重庆,500000,成都,510100,2178,120586,2512952,3.6,6.12,902.6,509.97,41.42,27.2,107.8467222,30.16575721,103.8997653,30.78216618,384.391642
183,武汉,420100,咸宁,421200,1953,120586,3999981,3.6,5.47,902.6,407.95,41.42,27.34,114.3919983,30.66685374,114.276745,29.65834511,112.6870987
184,昆明,530100,曲靖,530300,1480,120586,1345717,3.6,5.17,902.6,506.58,41.42,24.08,102.9472317,25.48147292,103.9157736,25.70077854,100.1458391
185,扬州,321000,南京,320100,2769,120586,2065998,3.6,5.86,902.6,767.08,41.42,33.19,119.5523477,32.8096401,118.736251,31.92518191,124.6861697
186,中山,442000,深圳,440300,5108,120586,2253723,3.6,6.22,902.6,446.48,41.42,32.57,113.4588223,22.47793489,113.9309759,22.54467933,49.06523705
187,焦作,410800,郑州,410100,2105,120586,1225235,3.6,5.78,902.6,445.53,41.42,28.27,113.0764298,35.15609847,113.4806163,34.62130454,69.96636696
188,南京,320100,马鞍山,340500,641,120586,368260,3.6,5.45,902.6,522.71,41.42,26.17,118.736251,31.92518191,118.6293169,31.53147462,44.93125358
189,宿州,341300,徐州,320300,2152,120586,1728865,3.6,4.76,902.6,730.84,41.42,27.52,117.3372984,33.93515044,117.7663347,34.30012437,56.62949908
190,安顺,520400,贵阳,520100,954,120586,502593,3.6,4.42,902.6,758.44,41.42,32.14,105.7776442,25.97429686,106.6001802,26.76115609,119.8762991
191,台州,331000,温州,330300,243,120586,211655,3.6,5.74,902.6,442.9,41.42,27.51,121.1463561,28.67762289,120.5162656,27.8329185,112.3869036
192,合肥,340100,淮南,340400,335,120586,282509,3.6,6.84,902.6,540.45,41.42,24.95,117.4265351,32.0483259,116.732704,32.76973774,103.3300279
193,贵阳,520100,安顺,520400,66148,120586,120586,3.6,3.6,902.6,902.6,41.42,41.42,106.6001802,26.76115609,105.7776442,25.97429686,119.8762991
194,哈尔滨,230100,绥化,231200,1996,120586,89374,3.6,8.05,902.6,522.79,41.42,50.74,127.7139362,45.54809592,126.67145,46.8382787,164.3742912
195,长春,220100,四平,220300,832,120586,356586,3.6,3.58,902.6,881.46,41.42,30.74,125.5471557,44.33370419,124.532297,43.49461562,123.747018
196,沧州,130900,北京,110000,406,89374,4391673,8.05,5.74,522.79,780.64,50.74,31.77,116.8116383,38.18150327,116.6687298,40.24172257,229.4164569
197,湖州,330500,嘉兴,330400,1432,89374,2512952,8.05,6.12,522.79,509.97,50.74,27.2,119.9988562,30.75174136,120.9697488,30.63499633,93.73750757
198,德阳,510600,绵阳,510700,700,89374,3999981,8.05,5.47,522.79,407.95,50.74,27.34,104.4135184,31.10932042,104.6195647,31.87930014,87.81838312
199,贵阳,520100,毕节,520500,792,89374,1345717,8.05,5.17,522.79,506.58,50.74,24.08,106.6001802,26.76115609,105.0658229,27.05308816,155.5657007
200,四平,220300,长春,220100,896,89374,2065998,8.05,5.86,522.79,767.08,50.74,33.19,124.532297,43.49461562,125.5471557,44.33370419,123.747018
201,潮州,445100,汕头,440500,3018,89374,2253723,8.05,6.22,522.79,446.48,50.74,32.57,116.7680452,23.83256861,116.5998666,23.34663454,56.68609538
202,泰州,321200,盐城,320900,1296,89374,1225235,8.05,5.78,522.79,445.53,50.74,28.27,120.037481,32.56784881,120.0968098,33.56867931,111.424502
203,济南,370100,聊城,371500,961,89374,368260,8.05,5.45,522.79,522.71,50.74,26.17,117.2968564,36.75869824,115.8957678,36.39760863,131.3929393
204,南京,320100,扬州,321000,699,89374,1728865,8.05,4.76,522.79,730.84,50.74,27.52,118.736251,31.92518191,119.5523477,32.8096401,124.6861697
205,汕头,440500,潮州,445100,826,89374,502593,8.05,4.42,522.79,758.44,50.74,32.14,116.5998666,23.34663454,116.7680452,23.83256861,56.68609538
206,曲靖,530300,昆明,530100,96,89374,211655,8.05,5.74,522.79,442.9,50.74,27.51,103.9157736,25.70077854,102.9472317,25.48147292,100.1458391
207,武汉,420100,鄂州,420700,213,89374,282509,8.05,6.84,522.79,540.45,50.74,24.95,114.3919983,30.66685374,114.9567423,30.31149795,67.00431799
208,马鞍山,340500,南京,320100,2684,89374,120586,8.05,3.6,522.79,902.6,50.74,41.42,118.6293169,31.53147462,118.736251,31.92518191,44.93125358
209,泰安,370900,济宁,370800,56562,89374,89374,8.05,8.05,522.79,522.79,50.74,50.74,117.1258834,36.07010375,116.6383232,35.2176716,104.5245104
210,洛阳,410300,郑州,410100,229,89374,356586,8.05,3.58,522.79,881.46,50.74,30.74,111.8804973,34.31882323,113.4806163,34.62130454,150.4902141
211,沧州,130900,衡水,131100,6662,356586,4391673,3.58,5.74,881.46,780.64,30.74,31.77,116.8116383,38.18150327,115.8737345,37.71130713,97.4530784
212,泰州,321200,南通,320600,15399,356586,2512952,3.58,6.12,881.46,509.97,30.74,27.2,120.037481,32.56784881,121.0803678,32.16857345,107.5377148
213,沧州,130900,廊坊,131000,5229,356586,3999981,3.58,5.47,881.46,407.95,30.74,27.34,116.8116383,38.18150327,116.5287496,39.05159469,99.82255332
214,嘉兴,330400,湖州,330500,1204,356586,1345717,3.58,5.17,881.46,506.58,30.74,24.08,120.9697488,30.63499633,119.9988562,30.75174136,93.73750757
215,宁波,330200,绍兴,330600,4331,356586,2065998,3.58,5.86,881.46,767.08,30.74,33.19,121.5360117,29.65854706,120.524952,29.77427943,98.48374587
216,唐山,130200,北京,110000,3954,356586,2253723,3.58,6.22,881.46,446.48,30.74,32.57,118.1915408,39.69303773,116.6687298,40.24172257,143.398667
217,日照,371100,临沂,371300,1359,356586,1225235,3.58,5.78,881.46,445.53,30.74,28.27,119.1930902,35.51651878,118.3061096,35.30414082,83.78064408
218,绥化,231200,哈尔滨,230100,134,356586,368260,3.58,5.45,881.46,522.71,30.74,26.17,126.67145,46.8382787,127.7139362,45.54809592,164.3742912
219,太原,140100,吕梁,141100,1514,356586,1728865,3.58,4.76,881.46,730.84,30.74,27.52,112.152873,37.9454732,111.3369513,37.73091345,75.51814108
220,南昌,360100,九江,360400,285,356586,502593,3.58,4.42,881.46,758.44,30.74,32.14,116.0038378,28.67731427,115.7174478,29.38499696,83.47153565
221,菏泽,371700,济宁,370800,369,356586,211655,3.58,5.74,881.46,442.9,30.74,27.51,115.5653602,35.21865526,116.6383232,35.2176716,97.46973886
222,南京,320100,常州,320400,270,356586,282509,3.58,6.84,881.46,540.45,30.74,24.95,118.736251,31.92518191,119.453809,31.62227976,75.73277654
223,宿迁,321300,徐州,320300,617,356586,120586,3.58,3.6,881.46,902.6,30.74,41.42,118.4790913,33.78565465,117.7663347,34.30012437,87.09371315
224,佛山,440600,云浮,445300,211,356586,89374,3.58,8.05,881.46,522.79,30.74,50.74,112.9988461,23.10777781,111.8065617,22.85240408,125.3140355
225,淄博,370300,潍坊,370700,247372,356586,356586,3.58,3.58,881.46,881.46,30.74,30.74,117.9434864,36.61529102,119.088962,36.53505593,102.6763417
